interval	sample	sample_name	pvalue	ratio	variability	padj	zscore	gene	refseq_accession_number	feature_type	feature_id	type	fail_flags	warning_flags	chr	start	end	strand
1-955532-955772	50be55c5-2295-43e6-a8a7-3b8ae403352b	GeraltDeRiv	0	1.13756173970185	0.07689904440261239	0	1.788861497181054	AGRN	NM_198576	exon-CDS	1	normal			1	955532	955772	+
1-955532-955772	79b18627-1083-4894-ab49-2d26142526c4	PeterParker	0	1.024082274132252	0.08649224002693952	0	0.2784327718272828	AGRN	NM_198576	exon-CDS	1	normal			1	955532	955772	+
1-955532-955772	092f09da-1cc0-409b-ad5d-18943198c560	WadeWilson	0	0.9817942571764633	0.09083109759032866	0	-0.2004351296694577	AGRN	NM_198576	exon-CDS	1	normal			1	955532	955772	+
1-957560-957861	50be55c5-2295-43e6-a8a7-3b8ae403352b	GeraltDeRiv	0	0.9647169131016083	0.02138979245722942	0	-1.649529184022845	AGRN	NM_198576	exon-CDS	2	normal			1	957560	957861	+
1-957560-957861	79b18627-1083-4894-ab49-2d26142526c4	PeterParker	0	1.007192578068542	0.02632176835543111	0	0.2732558835492646	AGRN	NM_198576	exon-CDS	2	normal			1	957560	957861	+
1-957560-957861	092f09da-1cc0-409b-ad5d-18943198c560	WadeWilson	0	0.9880929134956022	0.02146001680283425	0	-0.5548498220572319	AGRN	NM_198576	exon-CDS	2	normal			1	957560	957861	+
1-970636-970723	50be55c5-2295-43e6-a8a7-3b8ae403352b	GeraltDeRiv	0	1.024900390378886	0.03644035189231926	0	0.6833191526927739	AGRN	NM_198576	exon-CDS	3	normal			1	970636	970723	+
1-970636-970723	79b18627-1083-4894-ab49-2d26142526c4	PeterParker	0	1.011337766196427	0.03047502491658098	0	0.3720346817586447	AGRN	NM_198576	exon-CDS	3	normal			1	970636	970723	+
1-970636-970723	092f09da-1cc0-409b-ad5d-18943198c560	WadeWilson	0	1.005773835104675	0.02730020900755369	0	0.211494172190291	AGRN	NM_198576	exon-CDS	3	normal			1	970636	970723	+
1-976024-976279	50be55c5-2295-43e6-a8a7-3b8ae403352b	GeraltDeRiv	0	0.9925871787156734	0.07491106099631821	0	-0.09895496320217542	AGRN	NM_198576	exon-CDS	4	normal			1	976024	976279	+
1-976024-976279	79b18627-1083-4894-ab49-2d26142526c4	PeterParker	0	1.011754194539961	0.03581464317720212	0	0.3281952156218326	AGRN	NM_198576	exon-CDS	4	normal			1	976024	976279	+
1-976024-976279	092f09da-1cc0-409b-ad5d-18943198c560	WadeWilson	0	0.9747484998234694	0.06796148540267155	0	-0.3715560368775853	AGRN	NM_198576	exon-CDS	4	normal			1	976024	976279	+
1-976532-976796	50be55c5-2295-43e6-a8a7-3b8ae403352b	GeraltDeRiv	0	0.9826723402490208	0.03847369828441426	0	-0.4503767644816891	AGRN	NM_198576	exon-CDS	5	normal			1	976532	976796	+
1-976532-976796	79b18627-1083-4894-ab49-2d26142526c4	PeterParker	0	1.052262827796718	0.02362030879606277	0	2.212622546468565	AGRN	NM_198576	exon-CDS	5	normal			1	976532	976796	+
1-976532-976796	092f09da-1cc0-409b-ad5d-18943198c560	WadeWilson	0	1.042133069867395	0.0460324141560738	0	0.9152913363296912	AGRN	NM_198576	exon-CDS	5	normal			1	976532	976796	+
1-976777-976856	50be55c5-2295-43e6-a8a7-3b8ae403352b	GeraltDeRiv	0	0.9852425677046297	0.06320237789996579	0	-0.2334948903145355	AGRN	NM_198576	intron	5.5	normal			1	976777	976856	+
1-976777-976856	79b18627-1083-4894-ab49-2d26142526c4	PeterParker	0	1.039855302621511	0.03953468222233221	0	1.008109851430603	AGRN	NM_198576	intron	5.5	normal			1	976777	976856	+
1-976777-976856	092f09da-1cc0-409b-ad5d-18943198c560	WadeWilson	0	0.9731065601470789	0.04419008168239955	0	-0.6085854297850838	AGRN	NM_198576	intron	5.5	normal			1	976777	976856	+
1-976837-977101	50be55c5-2295-43e6-a8a7-3b8ae403352b	GeraltDeRiv	0	1.021039928354649	0.04214931284938135	0	0.4991760703154003	AGRN	NM_198576	exon-CDS	6	normal			1	976837	977101	+
1-976837-977101	79b18627-1083-4894-ab49-2d26142526c4	PeterParker	0	0.9966497457819824	0.04729002552592808	0	-0.07084483843597592	AGRN	NM_198576	exon-CDS	6	normal			1	976837	977101	+
1-976837-977101	092f09da-1cc0-409b-ad5d-18943198c560	WadeWilson	0	0.9704347829240895	0.03248085357474328	0	-0.9102352254344726	AGRN	NM_198576	exon-CDS	6	normal			1	976837	977101	+
1-977315-977561	50be55c5-2295-43e6-a8a7-3b8ae403352b	GeraltDeRiv	0	0.9913764594824204	0.04540787891742425	0	-0.1899128680567048	AGRN	NM_198576	exon-CDS	7	normal			1	977315	977561	+
1-977315-977561	79b18627-1083-4894-ab49-2d26142526c4	PeterParker	0	1.027755523953057	0.08382347549968749	0	0.3311187443326695	AGRN	NM_198576	exon-CDS	7	normal			1	977315	977561	+
1-977315-977561	092f09da-1cc0-409b-ad5d-18943198c560	WadeWilson	0	0.9731059158528237	0.0447066995927717	0	-0.6015672011611577	AGRN	NM_198576	exon-CDS	7	normal			1	977315	977561	+
1-978598-978856	50be55c5-2295-43e6-a8a7-3b8ae403352b	GeraltDeRiv	0	1.002450804485698	0.04665135922210227	0	0.05253447116149076	AGRN	NM_198576	exon-CDS	8	normal			1	978598	978856	+
1-978598-978856	79b18627-1083-4894-ab49-2d26142526c4	PeterParker	0	1.022579756161076	0.02348249081172871	0	0.9615571168369355	AGRN	NM_198576	exon-CDS	8	normal			1	978598	978856	+
1-978598-978856	092f09da-1cc0-409b-ad5d-18943198c560	WadeWilson	0	1.000651364168449	0.04218133302748048	0	0.01544200056515269	AGRN	NM_198576	exon-CDS	8	normal			1	978598	978856	+
1-978897-979131	50be55c5-2295-43e6-a8a7-3b8ae403352b	GeraltDeRiv	0	0.9194120701575678	0.03371575299432715	0	-2.390215928322633	AGRN	NM_198576	exon-CDS	9	normal			1	978897	979131	+
1-978897-979131	79b18627-1083-4894-ab49-2d26142526c4	PeterParker	0	1.018122584018286	0.04894316490257174	0	0.3702781390284323	AGRN	NM_198576	exon-CDS	9	normal			1	978897	979131	+
1-978897-979131	092f09da-1cc0-409b-ad5d-18943198c560	WadeWilson	0	1.000068590144759	0.04456594547106687	0	0.001539070786753871	AGRN	NM_198576	exon-CDS	9	normal			1	978897	979131	+
1-979182-979422	50be55c5-2295-43e6-a8a7-3b8ae403352b	GeraltDeRiv	0	0.9682724424728445	0.05657098184150617	0	-0.5608450922072732	AGRN	NM_198576	exon-CDS	10	normal			1	979182	979422	+
1-979182-979422	79b18627-1083-4894-ab49-2d26142526c4	PeterParker	0	1.009071455700702	0.04850161891625746	0	0.1870340805811962	AGRN	NM_198576	exon-CDS	10	normal			1	979182	979422	+
1-979182-979422	092f09da-1cc0-409b-ad5d-18943198c560	WadeWilson	0	1.007149282398745	0.02463267549986742	0	0.2902357236339846	AGRN	NM_198576	exon-CDS	10	normal			1	979182	979422	+
1-979403-979487	50be55c5-2295-43e6-a8a7-3b8ae403352b	GeraltDeRiv	0	0.964191098600039	0.07611585973908441	0	-0.4704525643237739	AGRN	NM_198576	intron	10.5	normal			1	979403	979487	+
1-979403-979487	79b18627-1083-4894-ab49-2d26142526c4	PeterParker	0	1.083534188018645	0.06278734670412862	0	1.330430292145989	AGRN	NM_198576	intron	10.5	normal			1	979403	979487	+
1-979403-979487	092f09da-1cc0-409b-ad5d-18943198c560	WadeWilson	0	1.02463798994206	0.07438386707126003	0	0.331227602330174	AGRN	NM_198576	intron	10.5	normal			1	979403	979487	+
1-979468-979656	50be55c5-2295-43e6-a8a7-3b8ae403352b	GeraltDeRiv	0	0.9716403208773672	0.04889264833374545	0	-0.5800397419474429	AGRN	NM_198576	exon-CDS	11	normal			1	979468	979656	+
1-979468-979656	79b18627-1083-4894-ab49-2d26142526c4	PeterParker	0	1.068928483063202	0.05091411478294498	0	1.353818746668882	AGRN	NM_198576	exon-CDS	11	normal			1	979468	979656	+
1-979468-979656	092f09da-1cc0-409b-ad5d-18943198c560	WadeWilson	0	1.026683163700054	0.05206498875190368	0	0.5124972527546779	AGRN	NM_198576	exon-CDS	11	normal			1	979468	979656	+
1-979637-979712	50be55c5-2295-43e6-a8a7-3b8ae403352b	GeraltDeRiv	0	1.008396252311397	0.0460533959408591	0	0.1823155956225082	AGRN	NM_198576	intron	11.5	normal			1	979637	979712	+
1-979637-979712	79b18627-1083-4894-ab49-2d26142526c4	PeterParker	0	1.031611751478091	0.0218566526276692	0	1.446321722571222	AGRN	NM_198576	intron	11.5	normal			1	979637	979712	+
1-979637-979712	092f09da-1cc0-409b-ad5d-18943198c560	WadeWilson	0	1.02947433297024	0.02452260217141991	0	1.201925177605786	AGRN	NM_198576	intron	11.5	normal			1	979637	979712	+
1-979693-979838	50be55c5-2295-43e6-a8a7-3b8ae403352b	GeraltDeRiv	0	1.064939649011841	0.04835189383703071	0	1.343063194809266	AGRN	NM_198576	exon-CDS	12	normal			1	979693	979838	+
1-979693-979838	79b18627-1083-4894-ab49-2d26142526c4	PeterParker	0	1.048045467230516	0.03540641035253422	0	1.356970863528312	AGRN	NM_198576	exon-CDS	12	normal			1	979693	979838	+
1-979693-979838	092f09da-1cc0-409b-ad5d-18943198c560	WadeWilson	0	1.047574670946781	0.04936439043585077	0	0.9637447262435861	AGRN	NM_198576	exon-CDS	12	normal			1	979693	979838	+
1-980520-980676	50be55c5-2295-43e6-a8a7-3b8ae403352b	GeraltDeRiv	0	0.9713570316448715	0.04230034262404687	0	-0.6771332471157225	AGRN	NM_198576	exon-CDS	13	normal			1	980520	980676	+
1-980520-980676	79b18627-1083-4894-ab49-2d26142526c4	PeterParker	0	1.02211572453601	0.06945673604469974	0	0.3184100750397708	AGRN	NM_198576	exon-CDS	13	normal			1	980520	980676	+
1-980520-980676	092f09da-1cc0-409b-ad5d-18943198c560	WadeWilson	0	0.9727090868010893	0.04074397900959825	0	-0.6698146293586508	AGRN	NM_198576	exon-CDS	13	normal			1	980520	980676	+
1-980657-980737	50be55c5-2295-43e6-a8a7-3b8ae403352b	GeraltDeRiv	0	0.9536640128597688	0.03692865718054434	0	-1.254743353209256	AGRN	NM_198576	intron	13.5	normal			1	980657	980737	+
1-980657-980737	79b18627-1083-4894-ab49-2d26142526c4	PeterParker	0	1.071862807284057	0.02915346039418106	0	2.464983789656757	AGRN	NM_198576	intron	13.5	normal			1	980657	980737	+
1-980657-980737	092f09da-1cc0-409b-ad5d-18943198c560	WadeWilson	0	0.986723936271131	0.03761829897373412	0	-0.3529150464283001	AGRN	NM_198576	intron	13.5	normal			1	980657	980737	+
1-980718-980922	50be55c5-2295-43e6-a8a7-3b8ae403352b	GeraltDeRiv	0	0.9558539678193875	0.04062274523894586	0	-1.086731876955691	AGRN	NM_198576	exon-CDS	14	normal			1	980718	980922	+
1-980718-980922	79b18627-1083-4894-ab49-2d26142526c4	PeterParker	0	1.012950913315479	0.04447806688297344	0	0.291175274086318	AGRN	NM_198576	exon-CDS	14	normal			1	980718	980922	+
1-980718-980922	092f09da-1cc0-409b-ad5d-18943198c560	WadeWilson	0	0.9969163575098211	0.03496027525096001	0	-0.08820418226238676	AGRN	NM_198576	exon-CDS	14	normal			1	980718	980922	+
1-981092-981275	50be55c5-2295-43e6-a8a7-3b8ae403352b	GeraltDeRiv	0	0.9930309138923256	0.04261907575626365	0	-0.1635203482011281	AGRN	NM_198576	exon-CDS	15	normal			1	981092	981275	+
1-981092-981275	79b18627-1083-4894-ab49-2d26142526c4	PeterParker	0	1.06347219398092	0.03498102936721559	0	1.814474734708809	AGRN	NM_198576	exon-CDS	15	normal			1	981092	981275	+
1-981092-981275	092f09da-1cc0-409b-ad5d-18943198c560	WadeWilson	0	1.02614790765754	0.03941053215176814	0	0.6634751227627551	AGRN	NM_198576	exon-CDS	15	normal			1	981092	981275	+
1-981256-981342	50be55c5-2295-43e6-a8a7-3b8ae403352b	GeraltDeRiv	0	0.9787502765981778	0.05477798127771193	0	-0.3879245438799748	AGRN	NM_198576	intron	15.5	normal			1	981256	981342	+
1-981256-981342	79b18627-1083-4894-ab49-2d26142526c4	PeterParker	0	1.004534978358945	0.06583938520088316	0	0.06887941533944578	AGRN	NM_198576	intron	15.5	normal			1	981256	981342	+
1-981256-981342	092f09da-1cc0-409b-ad5d-18943198c560	WadeWilson	0	0.9843863469597067	0.05828485766756845	0	-0.2678852392390971	AGRN	NM_198576	intron	15.5	normal			1	981256	981342	+
1-981323-981487	50be55c5-2295-43e6-a8a7-3b8ae403352b	GeraltDeRiv	0	0.9935604827449507	0.02676379340541309	0	-0.2406055508464257	AGRN	NM_198576	exon-CDS	16	normal			1	981323	981487	+
1-981323-981487	79b18627-1083-4894-ab49-2d26142526c4	PeterParker	0	0.9839164898852281	0.05401821862957022	0	-0.2977423269927599	AGRN	NM_198576	exon-CDS	16	normal			1	981323	981487	+
1-981323-981487	092f09da-1cc0-409b-ad5d-18943198c560	WadeWilson	0	1.003456081500931	0.0337221996432044	0	0.1024868347112081	AGRN	NM_198576	exon-CDS	16	normal			1	981323	981487	+
